"編號",附議時間,居住縣市,鄉鎮市區,附議人匿稱,附議原因
No.1,2017-05-06 00:09:21,臺北市,大同區,comptine,非常贊成男廁設置換尿布空間，畢竟帶孩子出門不是媽媽專屬的工作，想提高生育率這應該是基本要解決的問題之一！
No.2,2017-05-06 00:48:56,新北市,新店區,寧,
No.3,2017-05-06 03:09:03,新竹市,東區,W,
No.4,2017-05-06 07:10:47,新北市,三峽區,Annnnna,
No.5,2017-05-06 08:13:07,新北市,淡水區,佳佳,
No.6,2017-05-06 08:23:39,新竹市,香山區,LynnWu,
No.7,2017-05-06 08:41:18,新北市,三重區,Amy,
No.8,2017-05-06 08:49:06,臺北市,內湖區,R,支持，更多育嬰有善空間。
No.9,2017-05-06 09:14:52,新北市,蘆洲區,陳阿君,爸爸也需要育嬰空間!!!
No.10,2017-05-06 11:40:08,新北市,板橋區,Molly,支持友善親職環境行動!一起加油!!
No.11,2017-05-06 12:29:51,新北市,永和區,chia,
No.12,2017-05-06 12:52:08,臺北市,大安區,康至青,
No.13,2017-05-06 19:27:42,臺中市,南屯區,Fay,父親也有親權的權利，廣設尿布台讓大家都享受育兒的快樂
No.14,2017-05-06 21:53:25,臺南市,關廟區,小秋,
No.15,2017-05-06 22:10:03,新竹縣,竹北市,瀞云,
No.16,2017-05-06 22:22:22,臺中市,大雅區,Yuhua Chen,一般將尿布台設在女廁，但其實爸爸也能分攤換尿布這件事，建議設一個稍微私密的空間，給爸爸們幫baby換尿布。
No.17,2017-05-06 23:44:21,臺中市,南屯區,Reecho,讓有意願照顧小小孩的父親，出門在外也有更合適的地點，能夠照顧小小孩。
No.18,2017-05-07 00:15:01,花蓮縣,花蓮市,Chiao Feng,
No.19,2017-05-07 00:25:28,臺南市,永康區,Yolanda Hsieh,爸爸也很會照顧孩子，在男廁設立尿布台對我們家很有幫助
No.20,2017-05-07 11:11:04,臺北市,大安區,"Hsin ",
No.21,2017-05-07 12:56:10,高雄市,那瑪夏區,ㄏㄏㄐ,
No.22,2017-05-07 15:57:49,新北市,板橋區,宋安卓,
No.23,2017-05-07 16:15:54,新北市,板橋區," 秀秀",
No.24,2017-05-07 22:01:56,臺北市,內湖區,光媽,
No.25,2017-05-07 23:04:02,臺北市,中山區,咪咪,
No.26,2017-05-08 00:32:54,臺中市,豐原區,Genie,支持讓爸爸也能更便利照顧寶寶
No.27,2017-05-08 09:04:41,臺北市,萬華區,MAXI-QUEEN,完全贊同，目前男性共同照護嬰兒的比例愈趨增加，於男廁增設尿布台，更為男女平權之展現。
No.28,2017-05-08 09:41:59,臺北市,中正區,jiun,我是雙胞胎家庭...每次換尿布一定都是兩個人都要換，如果男廁能夠設尿布檯.當然能夠讓爸爸跟我一起分擔..有拉簾是可以遮避隱私的
No.29,2017-05-08 14:31:05,彰化縣,和美鎮,平民,
No.30,2017-05-08 16:04:59,高雄市,楠梓區,酸芒果宅妹,
No.31,2017-05-09 10:52:55,高雄市,三民區,sdchen,
No.32,2017-05-09 15:26:39,新北市,永和區,Kikistar0311,
No.33,2017-05-09 16:52:02,新北市,中和區,Bryan Tsai,
No.34,2017-05-10 17:26:39,臺北市,中正區,毛利,
No.35,2017-05-10 17:28:45,新北市,淡水區,love,
No.36,2017-05-10 17:57:29,臺北市,信義區,linhsinchia,支持性別平等
No.37,2017-05-10 19:09:03,高雄市,鼓山區,Juju,
No.38,2017-05-11 09:58:45,新竹縣,新埔鎮,YOYO,
No.39,2017-05-12 13:29:18,新竹縣,新豐鄉,BOOK,是否應考量目前世代對於兩性照顧嬰幼兒時，在男廁女廁皆有裝設親子廁所、尿布臺等需求，連同隱私、安全性及需求等考量來進行設施設備之規劃（設想一名爸爸在外帶女兒上廁所，沒有親子廁所且有急迫性狀況下只能使用男廁，但男廁大部分皆是小便斗，這其中的如廁者隱私、女兒目睹之景象及事件發生的整個過程是多麼令人感到不舒服）。
No.40,2017-05-13 08:49:43,嘉義市,西區,joeayang,本身是兩個女兒的爸爸，自己帶她們出門時常常找不到地方幫她們換尿布。另外我覺得性別友善廁所也很重要，帶3歲女兒出門，遇到她要去上廁所，我只能帶她去男廁，她常問我說，那邊才是女生用的廁所，為什麼要帶我進男生用的廁所。請問我要怎麼教小孩？
No.41,2017-05-13 08:50:17,基隆市,安樂區,"angel85teng ",
No.42,2017-05-13 12:55:53,臺中市,北屯區,龍貓,
No.43,2017-05-13 13:50:51,臺北市,中山區,Yen,
No.44,2017-05-13 21:59:10,臺北市,內湖區,SYT,
No.45,2017-05-14 09:31:27,臺中市,西屯區,藍天爸,
No.46,2017-05-15 01:29:20,臺中市,太平區,喵喵小姐,
No.47,2017-05-15 01:32:32,臺南市,官田區,Katie,
No.48,2017-05-15 01:58:33,臺北市,大同區,Aki,給爸爸一個尿布台！！
No.49,2017-05-15 02:21:07,臺北市,松山區,ee,
No.50,2017-05-15 02:24:47,新北市,永和區,Autumnleaves,曾遇過此類需求並造成困擾，認為此提議有需要！
No.51,2017-05-15 05:28:52,新竹市,東區,米蟲巧,支持
No.52,2017-05-15 06:02:49,新竹縣,竹東鎮,莊莊,
No.53,2017-05-15 06:03:03,臺南市,北區,Ski,支持 不過覺得簾子非必要
No.54,2017-05-15 06:08:12,桃園市,大溪區,Sophie,
No.55,2017-05-15 06:37:43,新北市,林口區,merciiy,
No.56,2017-05-15 06:47:46,新北市,板橋區,Hsu Wun Eng,希望也能讓爸爸一起分擔照顧者的責任！
No.57,2017-05-15 06:58:29,臺中市,西屯區,愛琴海,覺得簾子不是必要，但贊成男女廁皆設置尿布臺
No.58,2017-05-15 07:23:22,新竹縣,竹北市,Yun,
No.59,2017-05-15 07:28:17,新北市,土城區,佳明,贊同，但不需要遮簾，施行上會比較實際
No.60,2017-05-15 07:29:20,新北市,泰山區,米亞,要兩性平權推動生育，尿布台很重要！
No.61,2017-05-15 07:36:25,桃園市,桃園區,cc,支持，爸爸也有幫寶寶換尿布的需求。尿布台應該男廁、女廁都需要安裝
No.62,2017-05-15 07:47:44,新北市,中和區,Claudia,
No.63,2017-05-15 07:55:41,新竹縣,竹北市,May,
No.64,2017-05-15 08:24:37,臺南市,東區,Doralice,
No.65,2017-05-15 08:34:27,新北市,中和區,Ut chang,
No.66,2017-05-15 08:53:57,臺北市,北投區,Fifiona,公共男廁增加尿布平台，可幫助男性自己帶小孩出門換尿布的困擾，也可以分擔母親的育兒工作。
No.67,2017-05-15 08:59:40,新竹縣,竹北市,knowsecret,支持，但可以不用設置簾子。
No.68,2017-05-15 09:05:46,桃園市,大園區,Sheryl,育兒從來就不應只是媽媽的責任，爸爸也應該分擔。但在爸爸樂於分擔的情形下，大環境的育兒設施卻造成許多爸爸們怯步，比如說尿布台設在女廁，爸爸要如何幫寶寶換尿布呢？因此我附議贊成在男廁也要設置尿布台。加裝簾子更可避免怕生寶寶在被換尿布時，看到人來人往的陌生人而感到不安，甚至大哭。
No.69,2017-05-15 09:22:33,臺北市,士林區,Kelly,
No.70,2017-05-15 09:37:53,臺中市,西區,"Jenny ",照顧寶寶同是父親母親的責任
No.71,2017-05-15 09:40:01,新北市,永和區,GEMA LIN,男女都有照護寶寶的需求。
No.72,2017-05-15 09:48:43,臺中市,西區,Mengchuan,父親是孩子成長過程中很重要的角色，參與照顧孩子的過程可以增加良好的親子關係與夫妻關係。更何況，我們也必須考慮到獨自照顧孩子的父親照顧孩子的便利性。
No.73,2017-05-15 09:49:06,新北市,新莊區,姣,
No.74,2017-05-15 09:51:17,臺中市,北屯區,Gavin,有時候是爸爸自己帶baby出門，設置尿布台針的很需要
No.75,2017-05-15 10:04:57,臺中市,西區,chiao,
No.76,2017-05-15 10:35:15,臺南市,安南區,阿郭,
No.77,2017-05-15 10:44:06,新北市,中和區,媽媽,簾子可以不必，但男廁有尿布台才方便父母換小朋友尿布阿~
No.78,2017-05-15 10:54:27,新竹縣,湖口鄉,Norelle,支持男廁加裝尿布台，爸爸也需要單獨帶孩子出門！
No.79,2017-05-15 11:01:54,新北市,板橋區,Sylvia Tung,支持父母平權
No.80,2017-05-15 11:06:10,新竹縣,竹北市,Ginia Liu,
No.81,2017-05-15 11:12:51,新竹市,香山區,小魚,
No.82,2017-05-15 11:17:36,臺北市,文山區,黃達熊,不光是幫女寶寶遮啊～男寶寶從小也是需要訓練他們對隱私的觀念才對。尊重他人的身體應該要從小開始！
No.83,2017-05-15 11:21:20,新北市,新店區,chhyy2002,父親也是照顧著，當然也需要幫小孩換尿布，如果是單親爸爸，不能進入哺乳室換，至少要能讓他在廁所換吧！我們應該鼓勵爸爸參與照顧不是嗎？
No.84,2017-05-15 11:48:59,臺北市,文山區,alche,支持男廁設尿布台，方便爸爸們共同參與育兒大小事!!
No.85,2017-05-15 11:56:04,桃園市,八德區,Foody,
No.86,2017-05-15 12:02:26,新北市,土城區,Hua,爸爸也有幫孩子換尿布的需求
No.87,2017-05-15 12:08:41,臺中市,西屯區,Novia,支持男廁增設尿布台！
No.88,2017-05-15 12:14:37,臺北市,文山區,Lyna,讓單點帶小孩出門的男性能幫小孩換尿布
No.89,2017-05-15 12:15:46,臺南市,新營區,Mao,贊成男廁加裝尿布台，但覺得簾子可有可無
No.90,2017-05-15 12:28:13,高雄市,鼓山區,dadapepper,男廁增設尿布檯是必須，但不需要簾子
No.91,2017-05-15 12:49:11,新北市,板橋區,Sandra Jen,"支持男廁內設置寶寶換尿布台！
爸爸也有照顧BB的需求。"
No.92,2017-05-15 12:53:20,桃園市,龜山區,Chia,爸爸也有單獨照顧寶寶的時候啊…
No.93,2017-05-15 13:12:44,桃園市,桃園區,小賴,贊成，需考慮單獨帶小孩外出的爸爸甚至是單親爸爸的育兒權利，加拉簾是顧及嬰兒的隱私權以及防範有戀童癖的人
No.94,2017-05-15 13:17:13,臺中市,大雅區,wenny,很民主實用的做法，早該如此。
No.95,2017-05-15 13:25:00,雲林縣,斗六市,Joy Lien,
No.96,2017-05-15 13:31:47,彰化縣,彰化市,小星子,
No.97,2017-05-15 13:35:48,臺北市,文山區,黃米粒,"支持男廁增設尿布台, 不能凡事都靠媽媽!"
No.98,2017-05-15 13:50:22,新北市,汐止區,onemount,
No.99,2017-05-15 13:55:49,新北市,汐止區,Andrew,
No.100,2017-05-15 13:58:05,新竹縣,竹北市,Ping,男廁設有拉簾可遮寶寶的尿布台覺得不錯
No.101,2017-05-15 14:04:42,新北市,新店區,鳳梨頭,
No.102,2017-05-15 14:16:32,桃園市,桃園區,PeKo,請給爸爸一個公平育嬰的機會
No.103,2017-05-15 14:54:32,新竹縣,湖口鄉,芝,真的很需要男廁也有尿布台
No.104,2017-05-15 15:22:20,臺南市,東區,mango,支持男廁設有尿布檯，換尿布不是只有媽媽的責任。謝謝。
No.105,2017-05-15 15:34:54,臺北市,文山區,105,要提高生育率，父母本來就應該共同負擔照顧小孩的責任，男廁增設尿布台合宜合情又合理，請政府機關考慮。
No.106,2017-05-15 15:54:57,臺北市,士林區,Erica,現為男女平權時代，照顧小孩的責任已不全然由女性擔負，故支持在男廁設置幫寶寶換尿布之空間。
No.107,2017-05-15 16:08:34,苗栗縣,苗栗市,柏蓁,希望苗栗縣市的政府機關、醫療院所也有此設置。
No.108,2017-05-15 16:09:31,高雄市,苓雅區,ZOOEY,
No.109,2017-05-15 16:20:36,新北市,板橋區,Candyhsu,除了哺乳室增設外，男廁設置尿布臺也是必備的，方便爸爸帶寶寶外出，確實參與育嬰
No.110,2017-05-15 16:34:54,彰化縣,彰化市,小步,
No.111,2017-05-15 16:47:29,新竹縣,竹北市,布丁貓,男性也能自在育兒
No.112,2017-05-15 17:25:20,桃園市,龜山區,Jassie,希望男化妝室、女化妝室、都能廣為增設寶寶尿布台。
No.113,2017-05-15 18:04:05,臺北市,松山區,Julie,
No.114,2017-05-15 18:50:31,新竹市,香山區,Bnbn,
No.115,2017-05-15 19:17:47,高雄市,新興區,ChiaoChiao,有孩子都知道真的公設沒有尿布台，沒哺乳室真的有多不方便～政府一直倡導哺乳的好處但不知哺乳媽咪出門沒哺乳室有多不方便，哺乳室已經不多，更多寶貝需要換尿布時候又要搶哺乳室！所以真的不管男女廁都需要增設尿布台！
No.116,2017-05-15 19:32:18,新北市,中和區,yjeu,贊成男廁增設尿布台
No.117,2017-05-15 19:47:34,高雄市,鳥松區,小玹,現在有許多爸爸會照顧孩子了…非常需要政府支持友善的育嬰環境
No.118,2017-05-15 19:56:55,新北市,新莊區,Yuyin lin,
No.119,2017-05-15 20:20:10,臺北市,內湖區,果果媽,不要用簾子，用擋板，但不奢求，只求有尿布台就好
No.120,2017-05-15 20:30:58,新北市,板橋區,Carol,
No.121,2017-05-15 20:36:51,臺北市,南港區,NINA,支持！
No.122,2017-05-15 20:49:39,臺北市,信義區,安安,
No.123,2017-05-15 21:04:13,臺中市,西區,ChiaI,男女平權不只在於提供女性友善空間，而是兩性友善空間。
No.124,2017-05-15 22:32:30,高雄市,鳳山區,Winnie Chou,爭取男廁加設有遮布簾的尿布檯
No.125,2017-05-15 23:01:20,臺北市,北投區,林阿熊,
No.126,2017-05-15 23:15:25,臺北市,大同區,Wei,
No.127,2017-05-15 23:16:51,臺北市,北投區,Joyce Tsai,育兒是兩個人的事
No.128,2017-05-15 23:22:18,臺北市,北投區,廚師小葉,每次獨自帶小朋友出去，要找不是在女廁裡的尿布檯都要找超久！！
No.129,2017-05-15 23:31:48,新竹市,東區,Roomy,
No.130,2017-05-15 23:46:33,臺北市,南港區,Lynn Wang,
No.131,2017-05-16 00:22:23,臺北市,士林區,Kilm,支持本提議想法
No.132,2017-05-16 00:54:05,新北市,中和區,莫琳,
No.133,2017-05-16 01:11:15,桃園市,桃園區,萍,
No.134,2017-05-16 01:28:17,新北市,永和區,Mavis Hasegawa,
No.135,2017-05-16 01:53:43,臺中市,南屯區,Meng,基於男女平等且養育孩子之責任不該只在女性身上，因此贊成男廁增設尿布檯，鼓勵爸爸幫孩子換尿布。
No.136,2017-05-16 05:51:33,新北市,鶯歌區,琉璃,
No.137,2017-05-16 06:21:28,臺北市,北投區,ruru,
No.138,2017-05-16 06:48:02,臺北市,北投區,米寶媽,
No.139,2017-05-16 07:08:12,臺北市,北投區,Natsuko,贊成男廁設立尿布台，以便爸爸帶小孩時可以幫小孩換尿布
No.140,2017-05-16 07:18:30,臺北市,大安區,周韋任,支持本題議想法
No.141,2017-05-16 07:19:20,新北市,三重區,"Chelsea ",
No.142,2017-05-16 07:33:26,新北市,三重區,Lena,
No.143,2017-05-16 07:33:41,臺北市,文山區,Shya,支持男廁有尿布台
No.144,2017-05-16 07:40:57,臺北市,中山區,"Will Chiu ",以前不是要讓我太太自己帶去女廁換，就是要在身障廁所換，育嬰哺乳室又不多⋯⋯更多時間是在路邊！
No.145,2017-05-16 07:41:35,臺北市,北投區,張妹綿,
No.146,2017-05-16 07:43:37,新北市,中和區,樂樂,育兒本就是父母雙方的事，不能只有女廁有尿布台，男廁也該有。
No.147,2017-05-16 07:54:19,高雄市,鳳山區,slideraway,自己是有女兒的爸爸，覺得需要遮簾保護自己的女兒。免得女兒被看到後，引發後續不好的事情。
No.148,2017-05-16 08:09:43,新北市,林口區,Janet Wu,
No.149,2017-05-16 08:22:26,新北市,板橋區,李政芬,
No.150,2017-05-16 08:25:26,桃園市,桃園區,opal,支持男廁所也要設立尿布台
No.151,2017-05-16 08:25:42,臺北市,北投區,Zouma Lin,
No.152,2017-05-16 08:26:19,新北市,中和區,Han,
No.153,2017-05-16 08:29:23,基隆市,安樂區,"Amber ",
No.154,2017-05-16 08:31:51,新北市,新店區,May,爸爸也會有幫小寶寶換尿布的需求
No.155,2017-05-16 08:32:46,臺北市,信義區,Nobna,
No.156,2017-05-16 08:35:27,高雄市,鳳山區,YenChing,
No.157,2017-05-16 08:39:04,新北市,蘆洲區,Carrie,
No.158,2017-05-16 08:39:34,新北市,新莊區,Wen,男廁增設尿布檯可方便單獨帶嬰孩或者媽媽有事爸爸可以幫忙分擔育兒
No.159,2017-05-16 08:45:11,臺北市,內湖區,"Kuanyu ",
No.160,2017-05-16 08:45:40,新北市,中和區,Barry,贊成
No.161,2017-05-16 08:45:54,新北市,新店區,小燕,
No.162,2017-05-16 08:46:21,臺北市,北投區,"yunchia ",
No.163,2017-05-16 08:49:21,新北市,汐止區,Winnie,
No.164,2017-05-16 08:50:47,臺北市,士林區,Joanna,
No.165,2017-05-16 08:53:15,臺北市,士林區,Jacy,
No.166,2017-05-16 08:56:46,新北市,新莊區,芊小妞,
No.167,2017-05-16 08:58:13,臺北市,萬華區,黃安妮,
No.168,2017-05-16 08:59:36,臺北市,士林區,Sandra,讚！照顧寶寶本來就是夫妻兩人一起的事！
No.169,2017-05-16 08:59:42,臺北市,大同區,CK kuo,
No.170,2017-05-16 09:02:43,臺北市,松山區,Yys,
No.171,2017-05-16 09:10:42,新竹市,東區,Cazi Huang,
No.172,2017-05-16 09:14:40,臺北市,文山區,Renee,
No.173,2017-05-16 09:15:52,臺北市,北投區,徐祥寧,好主意！其實光連「男廁有尿布檯」都不是很普及呢，請政府及有志公民再一同加油！
No.174,2017-05-16 09:17:12,臺中市,北區,Lzmumu,
No.175,2017-05-16 09:20:33,新北市,樹林區,雨小編,
No.176,2017-05-16 09:21:01,臺北市,士林區,Mo YN C,
No.177,2017-05-16 09:25:18,新北市,板橋區,Kate yuan,
No.178,2017-05-16 09:27:44,新北市,中和區,Ivy,
No.179,2017-05-16 09:27:45,新北市,泰山區,CANDY,"爸爸也是需要幫小孩換尿布
所以附議在男廁設「有拉簾可遮寶寶」的尿布台"
No.180,2017-05-16 09:28:02,彰化縣,和美鎮,Crystal Hsieh,
No.181,2017-05-16 09:28:24,臺北市,士林區,Amanda,
No.182,2017-05-16 09:30:54,新北市,板橋區,Venus,
No.183,2017-05-16 09:33:46,新北市,樹林區,丸子,
No.184,2017-05-16 09:36:14,新北市,三重區,陳小佩,支持男廁設「有拉簾可遮寶寶」的尿布台!!~
No.185,2017-05-16 09:37:45,新北市,汐止區,馨,
No.186,2017-05-16 09:39:49,桃園市,中壢區,dame,"我小孩一歲、很多地方都只有女廁有尿布檯、甚至是親子館也是一樣
現在這個時代不應該是如此。
爸爸也需要幫小孩換尿布吧......
總不能每次都要我在廁所空中換尿布"
No.187,2017-05-16 09:40:03,彰化縣,伸港鄉,Tina Yan,very good idea!
No.188,2017-05-16 09:41:33,新北市,林口區,安寶,
No.189,2017-05-16 09:41:35,臺中市,北區,婷,
No.190,2017-05-16 09:41:41,新北市,中和區,鮪魚,支持
No.191,2017-05-16 09:43:06,臺中市,西屯區,Abby,
No.192,2017-05-16 09:43:27,新北市,泰山區,Phoebe,
No.193,2017-05-16 09:43:54,新北市,新莊區,溫妮,給有愛的爸爸更便捷的育兒空間，孩子是父母雙方一起撫育的！支持男廁設立尿布台
No.194,2017-05-16 09:44:25,新北市,新莊區,ANITA,
No.195,2017-05-16 09:44:30,新竹市,東區,Isis,
No.196,2017-05-16 09:45:10,臺北市,北投區,琪琪,
No.197,2017-05-16 09:45:11,新北市,中和區,林小美,讓爸爸也能有空間幫寶寶換尿布
No.198,2017-05-16 09:45:12,桃園市,龍潭區,Claire6215,爸爸也是會幫寶寶換尿布阿！
No.199,2017-05-16 09:49:30,臺北市,士林區,Vika,
No.200,2017-05-16 09:49:38,新竹市,東區,Hamei,男女平權 夫妻平等
No.201,2017-05-16 09:53:36,新北市,林口區,"i i ",支持
No.202,2017-05-16 09:54:27,臺北市,大安區,Judy,讓爸爸也可以輕鬆幫小朋友換尿布！
No.203,2017-05-16 09:58:39,花蓮縣,花蓮市,陳小咪,
No.204,2017-05-16 10:01:44,宜蘭縣,員山鄉,阿誠,
No.205,2017-05-16 10:01:57,新北市,林口區,Summer,
No.206,2017-05-16 10:02:01,臺北市,北投區,JON,"依照一般賣場及公共場所來說，女廁需要白隊的壯框遠比男廁來的高出許多。
更別提哺乳室的設置，更是普遍偏少。能夠多提供相關設施給有年幼兒童的家庭民眾使用是項很棒的提議及設施。"
No.207,2017-05-16 10:10:38,桃園市,桃園區,chuchu,
No.208,2017-05-16 10:11:33,新北市,泰山區,Susan,
No.209,2017-05-16 10:11:41,臺北市,士林區,541,
No.210,2017-05-16 10:17:54,基隆市,暖暖區,Fishmom,
No.211,2017-05-16 10:23:02,新北市,林口區,陶子,真的很需要，木柵動物園的男廁有設尿布檯，著實幫父母很大的忙
No.212,2017-05-16 10:26:03,桃園市,桃園區,Mischa,
No.213,2017-05-16 10:30:16,新北市,新店區,fish0910@gmail.com,支持男廁設立「有拉簾可遮寶寶」的尿布台
No.214,2017-05-16 10:32:38,新北市,林口區,Lydia,爸爸外出帶孩子時，無法換尿布，甚至在桃園國際機場都僅在女廁才設立!單獨帶小孩時，非常的困擾!
No.215,2017-05-16 10:33:25,臺北市,文山區,Agnes Chiu,
No.216,2017-05-16 10:35:10,新北市,新店區,小白喵,
No.217,2017-05-16 10:37:53,新北市,樹林區,cloudkyo,
No.218,2017-05-16 10:38:28,臺北市,文山區,sharoncheng,讓爸爸一人出門也可以很方便的照顧寶寶
No.219,2017-05-16 10:40:37,新北市,三重區,梅子,"希望男廁也能設有尿布臺，不要把換尿布變成媽媽專屬的職責。

或是有爸爸單獨帶孩子出去時，廁所沒有尿布臺該如何讓寶寶舒服的換尿布呢？"
No.220,2017-05-16 10:41:15,新北市,新莊區,"Cherry ",
No.221,2017-05-16 10:41:51,臺北市,文山區,Jill,
No.222,2017-05-16 10:41:53,臺北市,內湖區,智,
No.223,2017-05-16 10:41:58,新北市,新莊區,阿冠,照顧責任去性別化！
No.224,2017-05-16 10:42:20,臺中市,西屯區,Meethemoon,支持男性也要有方便照顧小孩的環境，請在男廁也設立尿布台
No.225,2017-05-16 10:44:29,新北市,新莊區,ANNA,"男廁增設尿布台
女廁通常都大排長龍又沒什麼空間
若此時男廁有尿布台
就可以趕快幫小孩換尿布"
No.226,2017-05-16 10:45:00,臺中市,南屯區,Renee Lee,"爸媽身分平等,小孩本來就是共同撫養愛護呵護，非常支持男廁也須加裝尿布台!!!"
No.227,2017-05-16 10:46:21,新北市,板橋區,張妮寶,
No.228,2017-05-16 10:46:31,臺北市,文山區,娓娓,
No.229,2017-05-16 10:49:41,彰化縣,彰化市,Ching,
No.230,2017-05-16 10:50:05,新北市,新店區,Good,
No.231,2017-05-16 10:50:50,桃園市,中壢區,劉欣怡,
No.232,2017-05-16 10:52:26,臺北市,文山區,BBC,
No.233,2017-05-16 10:52:51,新竹縣,竹北市,Emily,
No.234,2017-05-16 10:53:42,新竹縣,竹北市,小桃媽,
No.235,2017-05-16 10:55:58,臺北市,內湖區,amanda,
No.236,2017-05-16 10:56:18,臺北市,文山區,"Deborah ",
No.237,2017-05-16 10:57:04,新竹縣,湖口鄉,565656,
No.238,2017-05-16 10:58:19,臺北市,萬華區,咖哩媽,
No.239,2017-05-16 11:00:05,新北市,新莊區,菲力,身為父親，非常希望可以更方便更換小朋友尿布。
No.240,2017-05-16 11:01:29,桃園市,蘆竹區,Lorena,非常建議在男廁設置尿布台
No.241,2017-05-16 11:03:51,臺北市,中山區,mintonly,
No.242,2017-05-16 11:04:38,臺北市,文山區,吳娟娟,
No.243,2017-05-16 11:04:57,臺中市,南屯區,Chiuan Lin,常常媽媽我在忙！要爸爸去換尿布時⋯沒有親子廁所～導致又抱回來給我，真的是很麻煩～所以如果男廁有尿布檯且有門簾，對父母來說會方便很多的
No.244,2017-05-16 11:05:50,臺北市,大同區,Takumi,
No.245,2017-05-16 11:06:13,新北市,新莊區,Abby,
No.246,2017-05-16 11:06:41,新北市,新店區,媗媽咪,
No.247,2017-05-16 11:07:55,新北市,新店區,荒木,我支持這項提案，更希望空間夠大的捷運站或公共場所，除了哺乳室外，應該增加男性也能使用的育嬰室。
No.248,2017-05-16 11:08:17,臺北市,大安區,狗狗,
No.249,2017-05-16 11:09:38,新北市,林口區,妞妞,男廁設「有拉簾可遮寶寶」的尿布台
No.250,2017-05-16 11:10:08,宜蘭縣,員山鄉,Nagy Liao,
No.251,2017-05-16 11:10:30,臺北市,北投區,謝瑤瑤,"相當贊成！
注意寶寶隱私"
No.252,2017-05-16 11:11:07,新北市,林口區,Mickey,男廁設「有拉簾可遮寶寶」的尿布台
No.253,2017-05-16 11:12:56,臺北市,文山區,pg,
No.254,2017-05-16 11:18:37,高雄市,鳳山區,Yizhen,
No.255,2017-05-16 11:21:03,臺中市,大雅區,BAO TSAI,隊友也是需要合適的地方幫小孩換尿布的
No.256,2017-05-16 11:22:26,臺北市,松山區,Lin,
No.257,2017-05-16 11:23:01,新北市,鶯歌區,Carol Hsieh,
No.258,2017-05-16 11:25:09,新北市,新莊區,LuLu,
No.259,2017-05-16 11:25:53,臺北市,北投區,張貝貝,
No.260,2017-05-16 11:26:59,新北市,板橋區,羊羊媽,爸爸也可能有獨自帶孩子出門的時候，別再讓爸爸煩惱究竟可以在哪裡換尿布的問題，甚至是爸爸與媽媽一同出門的時候，爸爸也可以是那個幫孩子換尿布的人
No.261,2017-05-16 11:27:18,臺北市,北投區,lingi,
No.262,2017-05-16 11:27:36,高雄市,三民區,Zichen,"當然要附啊
地方的爸爸需要尿布台"
No.263,2017-05-16 11:27:53,臺北市,中山區,"Rowng ",
No.264,2017-05-16 11:29:45,臺北市,士林區,Kiki,
No.265,2017-05-16 11:31:15,高雄市,鳳山區,七七,
No.266,2017-05-16 11:31:30,新北市,新店區,Queena,"現在都什麼時代了，為什麼廁所的設備還是著重在只能媽媽幫寶寶換尿布呢？
男廁設置遮簾也是注重隱私問題，但應考量安全性問題，避免淪為性侵犯空間。"
No.267,2017-05-16 11:31:46,新北市,永和區,家玲,
No.268,2017-05-16 11:31:51,臺北市,北投區,Vicky,
No.269,2017-05-16 11:31:58,新北市,新店區,M,
No.270,2017-05-16 11:32:31,臺北市,文山區,vivi,非常方便，孩子不該只是媽媽的責任
No.271,2017-05-16 11:32:37,臺北市,內湖區,Lydia Chen,
No.272,2017-05-16 11:32:56,臺中市,西屯區,yiyi,
No.273,2017-05-16 11:34:22,高雄市,左營區,阿雪,
No.274,2017-05-16 11:34:43,臺北市,士林區,小彩兒,
No.275,2017-05-16 11:34:57,臺北市,中山區,妍,
No.276,2017-05-16 11:35:20,臺北市,中正區,Super23,
No.277,2017-05-16 11:35:31,臺中市,神岡區,Koala,現在兩性平等，照顧小孩不再只是媽媽的責任，爸爸也有機會照顧小孩，是有需要在男性廁所設尿布台
No.278,2017-05-16 11:36:39,臺中市,西屯區,Sunsun,"爸爸外出也很想要一起照顧寶寶
尿布枱男女廁都有最理想"
No.279,2017-05-16 11:36:41,新北市,新店區,Enzo,
No.280,2017-05-16 11:37:31,臺北市,北投區,Natalia,
No.281,2017-05-16 11:37:47,新北市,蘆洲區,雄爸,
No.282,2017-05-16 11:38:57,臺北市,內湖區,Irene,
No.283,2017-05-16 11:39:29,臺中市,西區,深河,
No.284,2017-05-16 11:39:35,新北市,中和區,Willy,男女平權、友善育嬰環境，男生廁所也應該設有完善設施的尿布台
No.285,2017-05-16 11:40:15,雲林縣,林內鄉,緩慢,
No.286,2017-05-16 11:41:38,臺北市,大安區,Venies,男性廁所應增設更多尿布更換台
No.287,2017-05-16 11:42:47,新北市,蘆洲區,小咩麻,
No.288,2017-05-16 11:42:51,新北市,三重區,Allu,
No.289,2017-05-16 11:42:51,臺北市,北投區,桂花釀咖啡,廁所的整潔也要考量，日常消毒作業希望也能完善！
No.290,2017-05-16 11:43:51,臺北市,文山區,Angeline,尿布台都只設在女廁真的很不方便，男女廁皆設置對親子生活更友善。
No.291,2017-05-16 11:44:08,臺北市,大同區,Vivian Chen,
No.292,2017-05-16 11:44:22,臺北市,士林區,wu,
No.293,2017-05-16 11:45:56,宜蘭縣,宜蘭市,yry,
No.294,2017-05-16 11:47:54,桃園市,中壢區,小鳳,
No.295,2017-05-16 11:48:56,新北市,新店區,Vincent Lin,
No.296,2017-05-16 11:49:36,臺中市,南區,Christine Lee,
No.297,2017-05-16 11:50:25,臺北市,文山區,小圓,友善育兒的設施應該廣設
No.298,2017-05-16 11:51:34,臺北市,中正區,張小泰,
No.299,2017-05-16 11:54:26,新北市,樹林區,潼潼,
No.300,2017-05-16 11:54:54,臺中市,西屯區,仙貝果,附議男廁應設有布簾可遮蔽的尿布台，供爸爸使用方便替換嬰幼兒尿布。
No.301,2017-05-16 11:55:50,臺南市,南區,Chia chi,"外出時  爸爸要幫兒子換尿布
一同陪在女廁 真的，很尷尬
我本身無法一人完成換尿布 必須老公陪同"
No.302,2017-05-16 11:56:36,新北市,中和區,超人媽,
No.303,2017-05-16 11:57:38,新北市,新莊區,sean chen,
No.304,2017-05-16 11:59:58,臺中市,大里區,媽媽寶寶,
No.305,2017-05-16 12:01:34,新北市,汐止區,Yipei,
No.306,2017-05-16 12:01:39,新北市,蘆洲區,Elina,
No.307,2017-05-16 12:01:40,桃園市,平鎮區,林林,
No.308,2017-05-16 12:02:01,臺北市,文山區,happheaven,老公想幫寶寶換尿布都沒辦法
No.309,2017-05-16 12:02:30,臺北市,文山區,果的母,"簾子是次要
但絕對支持男廁設立尿布檯"
No.310,2017-05-16 12:03:58,臺南市,東區,FIONA,
No.311,2017-05-16 12:04:24,新北市,蘆洲區,焦,"小孩又不是只是媽媽的~
為什麼總是設在女廁~"
No.312,2017-05-16 12:04:30,新北市,中和區,Colife1128,多元化社會，兩性平等提議下，很多男生都需要帶寶寶，附議男生廁所應該加設寶寶尿布台。
No.313,2017-05-16 12:05:01,臺北市,信義區,玉媽,
No.314,2017-05-16 12:05:41,臺北市,萬華區,Wendy Wang,
No.315,2017-05-16 12:06:50,新北市,林口區,Kerry,
No.316,2017-05-16 12:07:07,新北市,中和區,Yawen,
No.317,2017-05-16 12:11:24,屏東縣,屏東市,Peijyun,
No.318,2017-05-16 12:11:38,桃園市,中壢區,Liz,男廁廣設尿布台 爸爸就沒有理由出門不幫寶寶換尿布了
No.319,2017-05-16 12:12:01,臺北市,大安區,tea.ting,
No.320,2017-05-16 12:15:11,臺南市,北區,Eva,
No.321,2017-05-16 12:15:36,臺中市,南區,Makii,
No.322,2017-05-16 12:15:57,嘉義市,東區,ludo,
No.323,2017-05-16 12:15:58,桃園市,中壢區,Kkk,
No.324,2017-05-16 12:16:32,桃園市,龍潭區,欣欣,
No.325,2017-05-16 12:17:05,新北市,中和區,陳布了,
No.326,2017-05-16 12:19:42,新北市,新莊區,Sandra Chen,同意
No.327,2017-05-16 12:20:19,新北市,三峽區,海海,
No.328,2017-05-16 12:22:13,新北市,新店區,Keira,
No.329,2017-05-16 12:22:45,臺北市,北投區,Huiyingyu,
No.330,2017-05-16 12:26:23,新竹縣,新豐鄉,QQ,"支持,真的有需要"
No.331,2017-05-16 12:26:54,新北市,板橋區,reneeyo,
No.332,2017-05-16 12:27:38,臺北市,南港區,"Vicky ",
No.333,2017-05-16 12:29:45,新竹縣,竹北市,ocean,
No.334,2017-05-16 12:29:59,新北市,新店區,白米飯,
No.335,2017-05-16 12:32:35,新北市,中和區,Nina,
No.336,2017-05-16 12:33:02,臺北市,中正區,巴西蘑菇,
No.337,2017-05-16 12:33:46,新北市,中和區,KUAN,
No.338,2017-05-16 12:35:55,高雄市,左營區,Claire Chen,贊成男廁也設置寶寶尿布台
No.339,2017-05-16 12:36:59,臺中市,豐原區,Karen,
No.340,2017-05-16 12:37:41,臺北市,南港區,Swang723,
No.341,2017-05-16 12:39:15,新竹市,東區,Pin,
No.342,2017-05-16 12:39:55,新北市,新莊區,rei,
No.343,2017-05-16 12:39:57,桃園市,桃園區,琛,
No.344,2017-05-16 12:46:11,臺南市,新營區,Sasa,父母都是寶寶的主要照顧者，希望能有更友善的環境。
No.345,2017-05-16 12:46:19,臺中市,西屯區,吳小狼,很棒的提議
No.346,2017-05-16 12:46:37,桃園市,桃園區,Sumireli,
No.347,2017-05-16 12:47:15,新竹縣,竹北市,Mamie,
No.348,2017-05-16 12:47:23,新北市,新店區,Mabel Yeh,支持本提議！
No.349,2017-05-16 12:47:47,新北市,中和區,小孟,
No.350,2017-05-16 12:48:42,臺北市,萬華區,Eunice,
No.351,2017-05-16 12:49:38,新北市,三芝區,Sylvia,
No.352,2017-05-16 12:49:55,新北市,新莊區,"yuchann ",照顧小孩不是女人專屬的工作，男人也可以照顧小孩，而且也是有不少男人單獨帶孩子出門時很困擾，因為要幫孩子換尿布時，發現尿布台設在女廁，男人無法進入。因此，強烈建議：設置寶寶照顧區在男廁，或單獨設立成親子專用空間，讓男人女人都可以好好分工合作負擔照顧小孩的責任
No.353,2017-05-16 12:50:59,新北市,汐止區,籃斯,強烈支持男廁也設尿布台，但尿布台拉簾是多餘的
No.354,2017-05-16 12:51:02,新北市,新莊區,妮妮,支持
No.355,2017-05-16 12:52:23,新北市,永和區,LordMars,
No.356,2017-05-16 12:52:29,桃園市,龍潭區,Jany,
No.357,2017-05-16 12:53:03,新北市,三重區,晴晴媽,
No.358,2017-05-16 12:53:57,臺北市,大安區,Serene,
No.359,2017-05-16 12:56:23,新竹市,東區,Annel,真的有許多爸爸願意與媽媽共同分擔育兒工作，希望公共場所不管是對媽媽或是爸爸都可以提供更友善的育兒環境，唯有減輕育兒路上的困難，才能真的鼓勵生育。
No.360,2017-05-16 12:59:26,新北市,板橋區,小羽,贊成男廁應該設立尿布台以便爸爸自己攜帶小孩出門時方便更換尿布，畢竟有些地方並沒有設立哺乳室，少數的哺乳室也變成儲藏室了！
No.361,2017-05-16 13:00:58,臺中市,南區,,
No.362,2017-05-16 13:01:35,新北市,汐止區,Miranda Yen,請提供更友善的育嬰環境給父母們
No.363,2017-05-16 13:01:52,臺北市,大安區,duenma,很棒的提議!
No.364,2017-05-16 13:02:09,臺北市,松山區,Winnie,
No.365,2017-05-16 13:02:38,臺北市,內湖區,千千,支持
No.366,2017-05-16 13:03:36,新北市,中和區,Mendy,
No.367,2017-05-16 13:09:24,新竹縣,新豐鄉,Ginawu,
No.368,2017-05-16 13:10:04,桃園市,平鎮區,Wanling,
No.369,2017-05-16 13:12:10,臺北市,士林區,Wing,希望增加爸爸育兒的參與意願
No.370,2017-05-16 13:13:24,臺中市,后里區,Yuhui,我支持男生廁所裝置寶寶尿布台，以便於幫助媽媽，希望快快通過此方案😆
No.371,2017-05-16 13:17:08,新北市,淡水區,Nini,幫小孩換尿布不只是媽媽的責任，爸爸也有權利幫寶寶換尿布！
No.372,2017-05-16 13:17:12,新北市,中和區,Piu,支持
No.373,2017-05-16 13:17:12,新北市,永和區,Yunting,
No.374,2017-05-16 13:17:14,新竹市,香山區,pcbug,"我的要求較低, 尿布台不要只設在女廁裡面, 請改至男性可到達的地方即可."
No.375,2017-05-16 13:20:05,臺北市,大同區,喵,
No.376,2017-05-16 13:20:43,新北市,三重區,demi,
No.377,2017-05-16 13:21:41,臺中市,北區,小米,爸爸要換尿布不方便！
No.378,2017-05-16 13:26:08,臺北市,中山區,嚴西,請大量增設尿布台及隔間內幼兒固定座椅
No.379,2017-05-16 13:26:15,臺中市,大雅區,"Claire ",
No.380,2017-05-16 13:27:41,雲林縣,斗南鎮,Emma,幫小孩換尿布是爸爸、媽媽都可以做的事，所以男廁應該也要有尿布檯，不然如果是單親爸爸的話，外出就很不方便了，因為不是每個地方都有親子廁所😊
No.381,2017-05-16 13:27:47,新竹縣,新豐鄉,毛毛仔,男人也有幫孩子換尿布的權利與義務
No.382,2017-05-16 13:28:54,苗栗縣,竹南鎮,Doreen Chen,
No.383,2017-05-16 13:29:31,桃園市,平鎮區,白,
No.384,2017-05-16 13:30:18,臺中市,烏日區,Doris,附議
No.385,2017-05-16 13:30:19,新竹市,東區,苡彤,
No.386,2017-05-16 13:32:01,臺中市,霧峰區,W,
No.387,2017-05-16 13:33:54,臺南市,南區,何,
No.388,2017-05-16 13:33:56,新北市,新莊區,Donna,兩性平等！
No.389,2017-05-16 13:34:12,新北市,中和區,Orz,
No.390,2017-05-16 13:35:11,新北市,中和區,Vivian Wang,
No.391,2017-05-16 13:37:26,新北市,板橋區,"protien ",
No.392,2017-05-16 13:37:34,臺北市,內湖區,臘,
No.393,2017-05-16 13:38:19,新北市,淡水區,Lusica,"非常支持，換尿布不再只是媽媽的責任
爸爸能一起參與和分擔很棒。"
No.394,2017-05-16 13:39:27,臺中市,南區,小瓶,
No.395,2017-05-16 13:39:41,臺北市,大安區,爽寶雙寶娘,
No.396,2017-05-16 13:40:40,桃園市,桃園區,蘋果,
No.397,2017-05-16 13:43:25,臺北市,士林區,夏天,
No.398,2017-05-16 13:44:49,臺北市,中正區,Connie,
No.399,2017-05-16 13:44:55,新北市,永和區,Q,
No.400,2017-05-16 13:45:01,新北市,新莊區,Jess,
No.401,2017-05-16 13:46:12,新竹縣,竹東鎮,kevingo,
No.402,2017-05-16 13:46:39,新北市,新店區,晳媽,
No.403,2017-05-16 13:48:11,桃園市,中壢區,Lory,
No.404,2017-05-16 13:49:17,臺北市,中山區,安子,
No.405,2017-05-16 13:49:36,新北市,新莊區,"Joanna ",
No.406,2017-05-16 13:51:21,桃園市,桃園區,yun,
No.407,2017-05-16 13:52:24,基隆市,七堵區,Amelia,
No.408,2017-05-16 13:53:55,新北市,新莊區,黃怡蓁,爸爸也需要親子友善環境，也需要替寶寶換尿布
No.409,2017-05-16 13:55:35,新北市,汐止區,徐小孟,
No.410,2017-05-16 13:59:23,屏東縣,里港鄉,fari chen,
No.411,2017-05-16 14:00:32,彰化縣,田尾鄉,Wei,
No.412,2017-05-16 14:02:24,臺北市,文山區,Syun,
No.413,2017-05-16 14:02:27,新北市,中和區,Rere,現在也很多超級奶爸!!
No.414,2017-05-16 14:02:52,新北市,三重區,Ellie,我認為爸爸也會帶寶寶出門，所以男生廁所也應該要有尿布台
No.415,2017-05-16 14:03:48,臺北市,松山區,YuTa,
No.416,2017-05-16 14:05:57,臺中市,龍井區,vicki,有實際的需求
No.417,2017-05-16 14:06:10,新北市,永和區,孟純,
No.418,2017-05-16 14:06:53,臺北市,士林區,cola,
No.419,2017-05-16 14:14:45,新北市,中和區,雯雯,
No.420,2017-05-16 14:15:32,臺中市,西屯區,曾菁菁,謝謝你們提出這樣的好主意
No.421,2017-05-16 14:15:34,新北市,板橋區,Lynn,
No.422,2017-05-16 14:15:46,桃園市,新屋區,丸子,
No.423,2017-05-16 14:16:12,桃園市,平鎮區,Ru Yin,
No.424,2017-05-16 14:18:18,新竹縣,新豐鄉,Melody,符合實際需求
No.425,2017-05-16 14:20:14,新北市,永和區,芭芭啦,
No.426,2017-05-16 14:21:27,新北市,三重區,Java奶爸,
No.427,2017-05-16 14:22:00,彰化縣,社頭鄉,Wei,
No.428,2017-05-16 14:23:33,桃園市,桃園區,yoyo,
No.429,2017-05-16 14:24:27,苗栗縣,竹南鎮,"JudyJiang ",
No.430,2017-05-16 14:24:43,新北市,汐止區,牛媽,
No.431,2017-05-16 14:28:17,桃園市,桃園區,優娜娜,
No.432,2017-05-16 14:28:37,桃園市,中壢區,Brownie,
No.433,2017-05-16 14:29:23,新北市,新店區,greece614,爸爸獨自帶小孩出門時，男廁的尿布檯就很重要了
No.434,2017-05-16 14:29:55,新北市,板橋區,妞妞,男女應平等，男人如獨自一人顧小孩要在哪換尿布呢？
No.435,2017-05-16 14:30:39,新北市,樹林區,Carolyn,男廁設「有拉簾可遮寶寶」的尿布台
No.436,2017-05-16 14:30:51,臺中市,大肚區,二寶媽,非常支持
No.437,2017-05-16 14:31:29,桃園市,中壢區,徐小姐,
No.438,2017-05-16 14:31:54,桃園市,中壢區,"lalawohoo ",
No.439,2017-05-16 14:31:55,桃園市,桃園區,Tiffany,
No.440,2017-05-16 14:33:18,桃園市,八德區,姍姍,拔拔也可以幫寶寶換尿布，不用讓麻麻們上個廁所忙手忙腳的
No.441,2017-05-16 14:33:52,桃園市,八德區,伶伶,
No.442,2017-05-16 14:36:12,南投縣,南投市,白饅頭,
No.443,2017-05-16 14:38:22,臺中市,潭子區,楊小姐,照顧小孩不僅是媽媽的責任，現在亦有許多全職爸爸，為了讓台灣更達到親子親善空間，男廁應該增設尿布台，讓爸爸帶孩子出門時也能輕鬆的幫孩子換尿布，不是有受到歧視的感覺。
No.444,2017-05-16 14:40:52,臺中市,東勢區,bzs987,
No.445,2017-05-16 14:41:07,桃園市,八德區,吉魯,"有設尿布台的男廁真的很少，
故希望在男廁增設有拉簾可遮寶寶之尿布台。
1. 使爸爸們換尿布更方便
2. 使媽媽們有機會減輕育兒負擔（常常爸爸想幫寶寶換尿布，找不到地方，只有女廁有尿布台，不便民)"
No.446,2017-05-16 14:41:37,臺中市,北屯區,姵雯,男廁設有拉鏈可遮寶寶的尿布台
No.447,2017-05-16 14:41:40,新北市,中和區,LiNda Wu,連署男廁設置尿布台
No.448,2017-05-16 14:42:05,臺中市,北屯區,Tina Chang,支持男廁設立尿布臺，照顧小孩的責任不是只有媽媽獨有，爸爸也可以幫小孩換尿布
No.449,2017-05-16 14:43:09,臺中市,大雅區,Tiffy,男女男女平等本該男女都有尿布台的
No.450,2017-05-16 14:45:17,臺中市,北屯區,蓁,"支持男廁增設尿布台
讓爸爸也能幫忙小孩換尿布
主要是很多哺集乳室都要等很久
增設在男廁會使用起來方便許多"
No.451,2017-05-16 14:46:22,臺北市,文山區,Rejur,
No.452,2017-05-16 14:46:37,新北市,板橋區,COCO,"支持男性育嬰空間
希望公廁都能設立寶寶掛椅，讓爸爸媽媽可以安心上廁所"
No.453,2017-05-16 14:49:05,臺北市,文山區,海綿寶寶,
No.454,2017-05-16 14:49:18,臺中市,北屯區,猴老黑,"現代多元化, 不只只有母親需要帶小孩, 父親也需要帶小孩, 當尿布台是在女廁時, 會造成父親帶小孩無法換尿布的窘境....."
No.455,2017-05-16 14:50:15,新北市,土城區,"ScarlettChien ",支持男廁裝有遮簾的尿布台。
No.456,2017-05-16 14:50:27,新北市,新莊區,mavis,非常需要
No.457,2017-05-16 14:51:52,臺北市,內湖區,NiKi,
No.458,2017-05-16 14:53:18,新北市,板橋區,Hettie,
No.459,2017-05-16 14:54:34,臺中市,北屯區,Amber,
No.460,2017-05-16 14:54:46,臺北市,大安區,小楊,
No.461,2017-05-16 14:55:14,新北市,新莊區,Kate,
No.462,2017-05-16 14:55:23,臺中市,南屯區,chenmow,
No.463,2017-05-16 14:55:23,彰化縣,大村鄉,容容媽,爸爸常常自己帶女兒出門，卻苦於沒有尿布台可以換尿布，得在公開場所換尿布，非常不便。在男廁設立尿布台，是性別平權的第一步。
No.464,2017-05-16 14:57:27,新北市,板橋區,Angel Chen,
No.465,2017-05-16 15:00:37,高雄市,路竹區,Rumi,很好的提案放，值得附議
No.466,2017-05-16 15:04:21,新北市,中和區,小孩子,這樣爸爸寶寶都有隱私~
No.467,2017-05-16 15:04:39,新北市,林口區,Besspu,
No.468,2017-05-16 15:07:07,新北市,永和區,Molly,老公可以幫小孩換尿布，不要老是把工作丟給媽媽處理
No.469,2017-05-16 15:07:36,桃園市,桃園區,高小玲,
No.470,2017-05-16 15:08:38,彰化縣,秀水鄉,lala,
No.471,2017-05-16 15:09:27,桃園市,中壢區,愛麗絲,支持男廁增設拉簾式尿布台，方便爸爸為孩子換尿布。
No.472,2017-05-16 15:11:21,新北市,永和區,"Matt ",
No.473,2017-05-16 15:11:23,新竹縣,竹北市,Lan,換尿布非媽媽天職，父親亦有責任與權利幫忙
No.474,2017-05-16 15:12:15,臺北市,萬華區,Duck Ciou,現在爸爸單獨帶小孩出門已是ㄧ種趨勢！所以在男廁設立尿布台是必備的！！
No.475,2017-05-16 15:12:24,桃園市,桃園區,君君,希望可以設立
No.476,2017-05-16 15:14:35,雲林縣,斗六市,雅子,贊成 男人也是可以幫忙換尿布
No.477,2017-05-16 15:18:54,高雄市,楠梓區,Chrsitine,
No.478,2017-05-16 15:21:02,桃園市,龜山區,吳宜宜,
No.479,2017-05-16 15:21:39,新竹縣,竹北市,平安媽,
No.480,2017-05-16 15:21:53,新北市,板橋區,Nina,
No.481,2017-05-16 15:23:18,臺北市,內湖區,Vanessa Tseng,現在願意換尿布的爸爸其實很多!!請給他們一個好的空間!!
No.482,2017-05-16 15:23:52,桃園市,中壢區,Cindy tu,
No.483,2017-05-16 15:27:12,新北市,林口區,馬修,100%支持
No.484,2017-05-16 15:29:18,桃園市,桃園區,余米米,這是很棒的點子！
No.485,2017-05-16 15:29:43,新竹縣,竹北市,潔西,
No.486,2017-05-16 15:30:05,桃園市,龜山區,楊本本,
No.487,2017-05-16 15:31:52,新北市,板橋區,katine,換尿布不應該僅限媽媽才能換，這亦能增加親子關係，總不能叫爸爸去女生廁所幫換吧！且親子廁所間數僅有1-2間，通常都是客滿的情況，故希望男廁也需有尿布台可使用。
No.488,2017-05-16 15:32:08,新竹市,北區,衿,支持男廁設立寶寶尿布台，這樣可以減輕媽媽的負擔，照顧小孩不再只有是媽媽的責任!
No.489,2017-05-16 15:33:33,宜蘭縣,冬山鄉,Maggie,
No.490,2017-05-16 15:33:43,桃園市,桃園區,Linda,我支持男廁設「有拉簾可遮寶寶」的尿布台
No.491,2017-05-16 15:34:04,桃園市,平鎮區,914,媽媽快累死了，讓爸爸幫幫忙吧
No.492,2017-05-16 15:34:28,臺南市,南區,魔女,
No.493,2017-05-16 15:35:47,桃園市,桃園區,霜,
No.494,2017-05-16 15:36:13,新北市,鶯歌區,肉包,
No.495,2017-05-16 15:36:33,新竹市,北區,陳小雨,
No.496,2017-05-16 15:39:00,臺中市,大里區,香,落實男女平等從家庭做起！除了女廁設置哺乳室可幫寶寶換尿布外，爸爸也可以減輕媽媽的負擔幫忙寶寶換尿布，增加親子間的互動交流
No.497,2017-05-16 15:39:32,新竹縣,新豐鄉,monya,
No.498,2017-05-16 15:39:49,雲林縣,斗南鎮,兩鵝媽,希望台灣可以有更好的育兒環境
No.499,2017-05-16 15:40:37,新竹市,北區,李芯語,
No.500,2017-05-16 15:44:30,新北市,新莊區,嘟嘟姐姐,
No.501,2017-05-16 15:50:48,臺北市,中山區,CH,
No.502,2017-05-16 15:53:24,新竹市,北區,鴻,我是常常獨自帶小孩出門的爸爸，我不可能每次都去女廁幫小孩換尿布。
No.503,2017-05-16 15:53:32,桃園市,蘆竹區,S,
No.504,2017-05-16 15:55:30,臺北市,大安區,Doris,本來就應該男女廁都要有尿布台
No.505,2017-05-16 15:55:56,臺北市,信義區,Rebecca,爸爸需要一起參與育兒，需要有個他們可以換尿布的地方
No.506,2017-05-16 15:56:12,臺北市,北投區,品妤,現在爸爸也會帶小朋友出去，男廁設立換尿布平台很方便。
No.507,2017-05-16 15:56:46,桃園市,大園區,Clare,
No.508,2017-05-16 15:59:55,新竹縣,新豐鄉,Abby Shiu,
No.509,2017-05-16 16:00:18,桃園市,新屋區,法千,
No.510,2017-05-16 16:00:23,新北市,新莊區,Pei,
No.511,2017-05-16 16:00:47,新竹縣,新埔鎮,Weney,
No.512,2017-05-16 16:01:09,苗栗縣,竹南鎮,小范,附議
No.513,2017-05-16 16:01:29,新竹市,香山區,katy,
No.514,2017-05-16 16:01:40,新北市,板橋區,rainbomb,
No.515,2017-05-16 16:03:27,新北市,新店區,Brian,
No.516,2017-05-16 16:03:40,新北市,五股區,阿貴,男女平權
No.517,2017-05-16 16:04:08,桃園市,平鎮區,ChiChi,
No.518,2017-05-16 16:04:19,新竹市,北區,Candice Lin,
No.519,2017-05-16 16:07:16,新北市,三峽區,Anna,照料孩子不是只是女人的事，所以我覺得這樣很棒
No.520,2017-05-16 16:08:27,高雄市,大寮區,玉米,暫成男廁設立可遮式尿布枱，讓爸爸幫分擔媽媽一些辛勞
No.521,2017-05-16 16:09:32,新北市,新莊區,oillio,"男廁設「有拉簾可遮寶寶」的尿布台,贊成"
No.522,2017-05-16 16:09:57,臺北市,北投區,Michelle,支持此案子，讓爸爸也能輕鬆帶孩子出門
No.523,2017-05-16 16:11:31,臺北市,士林區,Hebe110510,"現在有許多小孩不再是由女性照顧而已
現在許多男性也都有照顧小孩的機會
如果遇到男性單獨帶小孩外出
尿布台通常都設立於女性廁所 實在很不方便"
No.524,2017-05-16 16:11:43,新北市,中和區,張小琪,非常贊同~因為現在真得很多孩子是爸爸帶出門的
No.525,2017-05-16 16:12:13,臺中市,清水區,Momo,
No.526,2017-05-16 16:12:40,新北市,中和區,豬仔麻,很棒。支持
No.527,2017-05-16 16:12:52,臺中市,大里區,芃媽,
No.528,2017-05-16 16:14:20,苗栗縣,竹南鎮,hua,
No.529,2017-05-16 16:15:16,新北市,中和區,lovlovnico,"常常帶2個小孩剛好2個都得換尿布，但只有女廁或是哺乳室才有尿布台。如果男廁也能有尿布台，老公也能幫小孩換尿布，節省不少時間！
有時候老公自己帶小孩出門，卻只能在路邊幫小孩換尿布，真的很不方便。"
No.530,2017-05-16 16:17:30,臺北市,中正區,欣欣,男女要平權，尿布台不能只有女廁有。（事實上很多女廁也沒有！）
No.531,2017-05-16 16:18:16,臺北市,內湖區,良,爸爸也需要保護寶寶隱私的尿布台
No.532,2017-05-16 16:19:14,新北市,板橋區,Dido,
No.533,2017-05-16 16:22:35,臺中市,西屯區,RITA,
No.534,2017-05-16 16:25:46,新北市,新莊區,婕ㄦ,
No.535,2017-05-16 16:27:27,臺北市,內湖區,呂世,讓爸爸也能方便自在的幫小孩換尿布
No.536,2017-05-16 16:30:49,臺南市,中西區,"Charlotte ",
No.537,2017-05-16 16:35:26,新北市,中和區,薌,現在很多爸爸願意一起分擔寶寶的生活大小室，無奈男廁沒有尿布台，有時候也不方便進去哺乳室，有些媽媽哺乳中會介意，男廁有尿布台太好了，當初懷二寶還要辛苦抱大寶換尿布，其實也危險
No.538,2017-05-16 16:36:37,臺南市,仁德區,小羊,的確需要在男廁設置尿布台，萬一媽媽出差或是其他事由必須爸爸帶小孩，多數換尿布的地方都在女廁或是限制男性進入的哺乳室，真的很不便民
No.539,2017-05-16 16:37:47,臺中市,后里區,wendy,
No.540,2017-05-16 16:39:41,臺北市,信義區,薑汁茶米,
No.541,2017-05-16 16:40:51,新北市,中和區,PF,
No.542,2017-05-16 16:43:12,新北市,新店區,Qsasa,
No.543,2017-05-16 16:43:50,新北市,板橋區,孫胖胖,
No.544,2017-05-16 16:45:58,臺中市,西屯區,涵涵麻,現代爸爸已經有願意顧小孩、幫小孩換尿布泡奶等等，但卻因為相關硬體設備只設在女廁，或僅限女性使用的哺乳室內，違背了時代潮流趨勢，也無法減輕媽咪壓力。因此，我覆議此提案。
No.545,2017-05-16 16:49:27,新北市,林口區,歡歡,
No.546,2017-05-16 16:51:54,臺北市,中正區,思穎,
No.547,2017-05-16 16:55:22,高雄市,左營區,超級,附議
No.548,2017-05-16 16:55:46,臺北市,中山區,吳小弟,
No.549,2017-05-16 16:56:27,新北市,永和區,吳若蘭,支持發展育兒友善措施!!
No.550,2017-05-16 16:57:56,新北市,新莊區,鳥兒媽,支持～爸爸也需要尿布台：）
No.551,2017-05-16 17:01:19,臺北市,士林區,陳威利,
No.552,2017-05-16 17:01:22,宜蘭縣,宜蘭市,joan,
No.553,2017-05-16 17:01:44,新北市,中和區,"Ivy ",
No.554,2017-05-16 17:04:02,新北市,淡水區,亞當,
No.555,2017-05-16 17:08:26,新北市,新店區,阿桂,
No.556,2017-05-16 17:09:21,臺北市,內湖區,pppeko,支持男廁設尿布檯
No.557,2017-05-16 17:10:06,新北市,新店區,Skyer,
No.558,2017-05-16 17:14:15,新竹縣,湖口鄉,小潔,
No.559,2017-05-16 17:17:58,臺北市,士林區,蘿絲,男人幫忙孩子換尿布更方便唷！
No.560,2017-05-16 17:22:11,臺北市,松山區,Afra,我支持男廁也設置尿布台，加強友善親子環境以利提升生育率
No.561,2017-05-16 17:22:20,新竹市,北區,Emily,
No.562,2017-05-16 17:22:28,臺北市,文山區,小眼睛,
No.563,2017-05-16 17:27:09,新竹市,北區,涂玉婷,
No.564,2017-05-16 17:30:25,新北市,三峽區,Nina,
No.565,2017-05-16 17:30:35,新北市,新莊區,Summer,
No.566,2017-05-16 17:33:11,臺北市,文山區,winnie,
No.567,2017-05-16 17:33:35,新北市,中和區,Laetitia,希望可以在中立的區域設立隱密的尿布台，不只女寶、男寶也需要隱私空間
No.568,2017-05-16 17:33:39,新北市,三重區,豬豬,"爸爸媽媽都一樣。
媽媽有哺乳室，爸爸也應該要有可以坐下抱好小孩並且乾淨的環境可以進入好方便無後顧之憂的餵奶。但我想此提案若通過並確實感善屬於第一步，若能切割一些空間讓爸爸們能自在也保護小孩隱私的更換尿布，才能有更進一步的發展。
照顧小孩不再只是女人的責任，應該要平等，設施也該平等。"
No.569,2017-05-16 17:34:59,新竹縣,竹北市,千,
No.570,2017-05-16 17:35:47,新竹市,東區,Joy,
No.571,2017-05-16 17:36:01,新北市,蘆洲區,双寶媽咪,爸爸也需要幫小孩換尿布的，尤其是單獨帶小孩出門時但沒有合適的場所真的很麻煩，媽媽也是需要好好的休息，帶小孩不全是媽媽的責任
No.572,2017-05-16 17:39:27,彰化縣,田中鎮,湘湘人,
No.573,2017-05-16 17:47:34,桃園市,龍潭區,阿志,互助，平等
No.574,2017-05-16 17:48:04,桃園市,平鎮區,哈娜緯緯,男女平等，應多增設尿布平臺
No.575,2017-05-16 17:52:27,桃園市,中壢區,Elan,互相幫助育兒
No.576,2017-05-16 17:55:30,桃園市,桃園區,YIN,
No.577,2017-05-16 18:01:28,桃園市,八德區,瓜瓜,
No.578,2017-05-16 18:07:04,桃園市,楊梅區,Berry,
No.579,2017-05-16 18:24:24,臺北市,中山區,Ariel,
No.580,2017-05-16 18:30:42,新北市,汐止區,先生,支持
No.581,2017-05-16 18:35:24,新北市,新莊區,新莊雙寶爸,很重要，沒有親子廁所的場所常常需要站在馬桶上，二寶還很小要換很不方便！
No.582,2017-05-16 18:37:32,桃園市,桃園區,鳥毛,贊成！
No.583,2017-05-16 18:39:16,基隆市,七堵區,雅雯,
No.584,2017-05-16 18:46:30,桃園市,桃園區,王丫喵,非常好，如果爸爸自己帶小孩出去也很方便。
No.585,2017-05-16 18:53:26,桃園市,中壢區,彩,
No.586,2017-05-16 18:54:36,臺北市,北投區,Miki Kuo,
No.587,2017-05-16 18:56:33,新北市,土城區,Rita,我們家一直都是爸爸在幫小朋友換尿布，每次出門都因為只有女廁有尿布台而感到困擾⋯⋯媽媽真的很難控制愛亂動跟胖寶寶耶
No.588,2017-05-16 19:15:35,臺南市,安平區,Sunny,
No.589,2017-05-16 19:29:03,新北市,樹林區,Rena,
No.590,2017-05-16 19:33:32,新竹市,東區,阿雪,支持男廁設置尿布台
No.591,2017-05-16 19:42:03,桃園市,平鎮區,ccmei,
No.592,2017-05-16 19:48:27,臺北市,士林區,Amanda,我身邊有一些是新手的單親爸爸，若是在男生廁所有設尿布台甚好。
No.593,2017-05-16 20:02:53,新北市,中和區,"Koimiwang ","強烈支持男廁尿布台！
我們家是雙胞胎常常是父母一人背一個，要換尿布如果男廁也有尿布台就可以大大減少我們的不便了"
No.594,2017-05-16 20:11:56,彰化縣,彰化市,可卡,
No.595,2017-05-16 20:20:28,南投縣,南投市,joylee,支持本提議！
No.596,2017-05-16 20:20:42,新北市,中和區,西西,照顧孩子不是媽媽的權利更不是義務，讓爸爸多參與育兒就從男廁增設尿布台開始，相信很多父親會很樂意為自己的孩子換尿片的。
No.597,2017-05-16 20:54:51,臺中市,太平區,"Vera ",支持男廁設立尿布臺
No.598,2017-05-16 21:04:06,臺南市,善化區,K,
No.599,2017-05-16 21:08:37,臺南市,新化區,Huangyi,不僅只有尿布台也可以有飲水機跟椅子可以方便爸爸們泡奶餵寶寶
No.600,2017-05-16 21:09:05,臺南市,西港區,佩佩,
No.601,2017-05-16 21:11:08,新北市,樹林區,Janice Wu,
No.602,2017-05-16 21:17:00,桃園市,楊梅區,winnie,
No.603,2017-05-16 21:20:23,新北市,三重區,Kim,"照顧小孩不在只是媽媽的責任,出外急需上廁所時,希望也能有男廁有寶寶尿布台能讓爸爸方便幫寶寶換尿布,這些也都是培養爸爸和小孩間的感情其中一種 ,更是創造回憶的一部份.也更能讓爸爸了解小孩的狀況,對於不會還不會說話表達的寶寶,尿和便便是爸爸媽媽可以判斷小孩身體狀況很重要的一環
寶寶的大小事,吃喝拉撒睡 點點滴滴,都是要陪伴和紀錄, 媽媽也需要有個幫手讓她休息片刻,外面的環境都無 男廁寶寶 台只能靠媽媽去女廁換 媽媽急需廁所時 也只能憋著 幫寶寶用好 才能換自己去方便
爸爸只能在外等。真的很浪費時間。又不方便
媽媽手 也無法 復原"
No.604,2017-05-16 21:26:24,基隆市,七堵區,Connie,
No.605,2017-05-16 21:30:29,新北市,新莊區,novansa,
No.606,2017-05-16 21:33:58,新北市,新莊區,novansa,
No.607,2017-05-16 21:56:40,桃園市,八德區,夏小舞,"公共場所的親子廁所或是哺乳室設置不足,如果能由男性(寶寶的爸爸或是其他男性)協助更換尿布,男廁設置該設施是很有必要的！"
No.608,2017-05-16 21:58:13,新北市,中和區,畢竟,換尿布不應該只是女生的事
No.609,2017-05-16 22:11:00,臺北市,北投區,Egg,
No.610,2017-05-16 22:14:34,臺中市,北區,silja,
No.611,2017-05-16 22:18:25,臺中市,清水區,仙,
No.612,2017-05-16 22:24:44,臺北市,內湖區,BeatriceLi,
No.613,2017-05-16 22:26:20,臺南市,永康區,FIFI,照顧小孩不只是媽媽責任！！
No.614,2017-05-16 22:28:50,新竹縣,竹北市,PIYO,
No.615,2017-05-16 22:29:05,高雄市,阿蓮區,"Zhen ",
No.616,2017-05-16 22:29:28,新北市,新莊區,Lia Pan,
No.617,2017-05-16 22:29:39,臺北市,士林區,Yen,
No.618,2017-05-16 22:29:58,高雄市,楠梓區,Caroline,
No.619,2017-05-16 22:31:55,桃園市,大溪區,Gaigai,
No.620,2017-05-16 22:35:30,臺南市,歸仁區,Miki Wang,
No.621,2017-05-16 22:37:27,高雄市,前鎮區,張小琳,
No.622,2017-05-16 22:40:57,新竹縣,新豐鄉,"Claire ",
No.623,2017-05-16 22:41:29,高雄市,左營區,芸伶,
No.624,2017-05-16 22:43:00,新北市,中和區,Claire,
No.625,2017-05-16 22:46:23,臺北市,信義區,Cherie,
No.626,2017-05-16 22:46:34,臺北市,士林區,Erica Huang,
No.627,2017-05-16 22:53:03,新北市,淡水區,史黛西,
No.628,2017-05-16 23:10:14,新北市,蘆洲區,萱,
No.629,2017-05-16 23:11:10,高雄市,三民區,microwhite,爸爸也需要照顧小孩，幫小孩換尿布，男廁應該設尿布台讓有寶寶爸爸可以使用。
No.630,2017-05-16 23:12:57,臺南市,永康區,serene,
No.631,2017-05-16 23:13:02,臺北市,內湖區,Joan8531,
No.632,2017-05-16 23:15:12,臺中市,后里區,貝拉,
No.633,2017-05-16 23:15:34,臺北市,萬華區,蘇小乖,
No.634,2017-05-16 23:18:33,臺北市,內湖區,Alice Chou,
No.635,2017-05-16 23:29:34,新北市,淡水區,Angel,
No.636,2017-05-16 23:30:33,臺北市,南港區,winnie,
No.637,2017-05-16 23:48:20,臺北市,文山區,夜未央,
No.638,2017-05-16 23:50:32,桃園市,龜山區,Kin,
No.639,2017-05-16 23:59:14,新北市,蘆洲區,MINI,
No.640,2017-05-17 00:14:34,臺北市,內湖區,Sharon Lai,
No.641,2017-05-17 00:18:10,新北市,蘆洲區,Penny,現在已經少子的嚴重，男生幫忙帶小孩已經成為模範爸爸，更應該讓情形維持甚至更完善！！
No.642,2017-05-17 00:21:59,臺北市,松山區,小巨人,請勿將照顧孩子規責於單一性別！！！
No.643,2017-05-17 00:35:42,新竹縣,湖口鄉,mignonyang,本人支持此題案，因為還是有爸爸單獨帶孩子到公共場所的時候，沒有地方可以換尿布不但讓爸爸苦惱，也會讓爸爸降低帶孩子出門的意願，希望可以順利通過並實施。
No.644,2017-05-17 01:10:58,新北市,淡水區,李子,男廁應和女廁一樣要有尿布台，除了公廁外，商場、百貨⋯等也應該要增設。
No.645,2017-05-17 01:18:32,臺南市,北區,moureen,"兩性平等
請以健康的思維去看待並重視這件事！

小孩不是單單母親的責任
身為父親也有義務照顧整理小孩

所以男廁應當也該在適當的地方妥善的設置尿布台才是"
No.646,2017-05-17 01:24:59,臺南市,東區,Pei,爸爸本來就跟媽媽一樣是照顧者
No.647,2017-05-17 01:50:23,臺南市,北區,橘妞妞,
No.648,2017-05-17 02:03:59,桃園市,龜山區,"Cindy ",
No.649,2017-05-17 02:34:02,臺北市,松山區,oo,
No.650,2017-05-17 02:49:21,新北市,永和區,neko,
No.651,2017-05-17 04:38:15,屏東縣,屏東市,源源,
No.652,2017-05-17 05:20:06,桃園市,蘆竹區,Monica,
No.653,2017-05-17 05:37:32,新北市,八里區,思伶鏘,
No.654,2017-05-17 06:04:05,新北市,中和區,Livia,爸爸ㄧ個人帶小孩出門也是需要換尿布的
No.655,2017-05-17 06:45:49,桃園市,楊梅區,Marin,也有很多爸爸是會照顧寶寶，但是哺乳室不便進入時，真的很不方便幫寶貝更換
No.656,2017-05-17 07:36:45,臺中市,西屯區,楊予婕,非常需要！照顧寶寶不是媽媽一個人的工作
No.657,2017-05-17 07:48:48,新竹市,北區,alice,現在也是有很多單親爸爸 外出時要幫小孩換尿布 真的很少有看到男廁有尿布台 真的對他們很不方便
No.658,2017-05-17 07:54:30,臺南市,仁德區,熊媽,
No.659,2017-05-17 08:16:51,新北市,永和區,Summer,男廁提供附上簾子的寶寶尿布台
No.660,2017-05-17 08:21:04,臺中市,北屯區,Ava,
No.661,2017-05-17 08:25:32,新北市,蘆洲區,阿肥媽,照顧寶寶，本來就是爸媽的事，而不是媽媽一個人的責任，所以認為，非常需要！
No.662,2017-05-17 08:36:50,基隆市,中山區,小玲,
No.663,2017-05-17 08:57:58,新北市,新店區,TTT,
No.664,2017-05-17 08:58:25,新北市,新莊區,Stacy,
No.665,2017-05-17 09:20:20,高雄市,路竹區,阿蕾媽,孩子是爸爸跟媽媽兩人的責任，爸爸也很樂意幫孩子換尿布，但礙於尿布台都設在女廁，爸爸想幫忙也無法進女廁！舉雙手雙腳贊成這個提議！快通過吧！！！
No.666,2017-05-17 09:28:55,臺北市,中山區,依嘉,如果男廁沒有遮簾尿布台，建議增設親子廁所，這樣爸爸也可以在單獨環境幫小孩換尿布，也不用擔心其他男生如廁眼光
No.667,2017-05-17 09:32:13,新北市,永和區,Clara,
No.668,2017-05-17 09:40:43,臺南市,將軍區,小聖誕媽咪,照顧寶寶的責任，不單單只是媽媽而已。男廁設置尿布台，對寶寶的照顧者來說是非常便利的，不用只侷限只有女性才能幫寶寶換尿布，此時的媽媽也可同時進行其他事項，也可讓媽媽喘口氣。快快通過吧，讓我們照顧寶寶的品質可大大提升。
No.669,2017-05-17 09:46:37,臺中市,豐原區,Shizukawang,
No.670,2017-05-17 09:54:21,新北市,三重區,芊芊魚兒,
No.671,2017-05-17 09:58:29,臺北市,南港區,wingting,
No.672,2017-05-17 10:11:45,臺北市,中正區,haley,
No.673,2017-05-17 10:18:03,新北市,汐止區,koko0527,
No.674,2017-05-17 10:21:30,新北市,樹林區,誠誠,
No.675,2017-05-17 10:47:32,臺北市,信義區,王小寶,支持提案
No.676,2017-05-17 10:49:46,新北市,樹林區,慈,
No.677,2017-05-17 11:32:31,臺北市,信義區,不點,
No.678,2017-05-17 11:49:53,桃園市,楊梅區,"yoyo ",有拉簾可遮寶寶
No.679,2017-05-17 12:20:15,臺北市,內湖區,芬,希望男廁增設尿布台，提供友善育兒環境。
No.680,2017-05-17 12:24:38,臺中市,北區,糖糖,
No.681,2017-05-17 12:29:36,臺北市,大安區,Ann,
No.682,2017-05-17 13:17:45,高雄市,大寮區,鴨鴨媽咪,
No.683,2017-05-17 13:18:00,臺北市,信義區,鴨子,
No.684,2017-05-17 13:43:54,臺北市,內湖區,Cindy,
No.685,2017-05-17 13:47:25,新北市,新店區,琉璃,大部份男廁都沒有尿布台，造成帶小孩的爸爸們非常不方便
No.686,2017-05-17 13:56:51,臺中市,大肚區,蘇蘇,
No.687,2017-05-17 14:00:17,臺北市,大安區,16,爸爸也需要友善的換尿布空間，確實大多數的嬰幼空間都設置於女廁或女性限入，身為男性的爸爸很難自己利用這些空間，若是這些空間可以獨立出來供父母使用當然最好，但現階段無法改善的情況下，新增設男廁也有親子空間是最迅速的方式。
No.688,2017-05-17 14:10:27,臺中市,大肚區,Sylvia Lin,同意男廁設立尿布檯
No.689,2017-05-17 14:19:46,臺北市,士林區,SUE,支持提案
No.690,2017-05-17 14:19:59,臺北市,士林區,宥媽咪,
No.691,2017-05-17 15:58:23,苗栗縣,竹南鎮,Wen,
No.692,2017-05-17 16:17:38,臺北市,萬華區,均均,很好，支持！
No.693,2017-05-17 16:23:41,桃園市,大溪區,松鼠,
No.694,2017-05-17 18:48:14,彰化縣,溪州鄉,Tracychichi,
No.695,2017-05-17 20:54:21,新竹市,北區,Yongyi,單親爸爸很必要
No.696,2017-05-17 21:02:21,桃園市,龜山區,K媽,父親也有照顧小孩的需求，常常有哺乳室或育兒室標示男賓止步，對照顧小孩的父親來說是非常不便的。
No.697,2017-05-17 21:08:10,新北市,五股區,Kimberly,
